{"Number of Parameters": 0.974595, "_timestamp": 1725027850.6721063, "_runtime": 8.528377294540405, "_step": 1, "figure": {"_type": "image-file", "sha256": "940ece49be2157754b300d8256162388a8359501b281517a2d6493c7756487d6", "size": 26908, "path": "media/images/figure_1_940ece49be2157754b30.png", "format": "png", "width": 1000, "height": 1000}, "_wandb": {"runtime": 8}}