{"train_loss": 216.173198046875, "valid_loss": 184.96888271484374, "_timestamp": 1701781310.0980394, "_runtime": 16.605650424957275, "_step": 0}