{"train_loss": 117.71538779296876, "valid_loss": 116.423908984375, "_timestamp": 1697544739.180944, "_runtime": 713.0640089511871, "_step": 30, "pred": {"_type": "image-file", "sha256": "d002612df612e3fb6a52102e5428c59bbb35ba5e96bfa4ce72b65f8c5b633b79", "size": 221498, "path": "media/images/pred_30_d002612df612e3fb6a52.png", "format": "png", "width": 1000, "height": 1000}, "_wandb": {"runtime": 710}}