{"train_loss": 115.44716380208334, "valid_loss": 114.4551998046875, "_timestamp": 1699431430.0919757, "_runtime": 582.2603425979614, "_step": 29}