{"mse_loss": 0.0675811581949054, "kl_loss": 1.9553043484401854e-05, "loss": 0.06760071134611742, "_timestamp": 1725026577.256481, "_runtime": 1706.0163538455963, "_step": 99, "_wandb": {"runtime": 1525}}