{"Number of Parameters": 0.974595, "_timestamp": 1725028590.278523, "_runtime": 7.711339950561523, "_step": 0, "_wandb": {"runtime": 8}}