{"train_loss": 138.79684747721353, "valid_loss": 137.92935087890626, "_timestamp": 1697548683.9449718, "_runtime": 708.2283008098602, "_step": 30, "pred": {"_type": "image-file", "sha256": "df51c34194c2b1c6f2d25eef0d732fcf9818f558455f24e6aa5aff74024a0ffb", "size": 218017, "path": "media/images/pred_30_df51c34194c2b1c6f2d2.png", "format": "png", "width": 1000, "height": 1000}, "_wandb": {"runtime": 705}}