{"train_loss": 125.53633883463542, "valid_loss": 124.336648828125, "_timestamp": 1697543805.8017123, "_runtime": 723.8175241947174, "_step": 30, "pred": {"_type": "image-file", "sha256": "079a1e4ddcbde37e1caac5556adc60430c88759901699cd0a676efa9c49dd722", "size": 220212, "path": "media/images/pred_30_079a1e4ddcbde37e1caa.png", "format": "png", "width": 1000, "height": 1000}, "_wandb": {"runtime": 720}}