{"Number of Parameters": 0.974595, "_timestamp": 1725264090.5845218, "_runtime": 6.4703288078308105, "_step": 1, "figure": {"_type": "image-file", "sha256": "26abe351606e28f5b7fa4e001d15bb4aaea04d2aeab9cac60024ef478deafa5b", "size": 30075, "path": "media/images/figure_1_26abe351606e28f5b7fa.png", "format": "png", "width": 1000, "height": 1000}, "_wandb": {"runtime": 6}}