{"Number of Parameters": 0.974595, "_timestamp": 1725260325.12533, "_runtime": 9.310895919799805, "_step": 1, "figure": {"_type": "image-file", "sha256": "3778ef313e67da2b7bbfeef9d1abf35b586628610225671770c770c7b04bbc97", "size": 24904, "path": "media/images/figure_1_3778ef313e67da2b7bbf.png", "format": "png", "width": 1000, "height": 1000}, "_wandb": {"runtime": 7}}