{"Number of Parameters": 0.974595, "_timestamp": 1725027674.4779465, "_runtime": 1063.9250965118408, "_step": 3, "figure": {"_type": "image-file", "sha256": "bd006471c3b1f049520a7fae2c26358a5f1f182a7230cb60ef77a8a0d0942860", "size": 9965, "path": "media/images/figure_3_bd006471c3b1f049520a.png", "format": "png", "width": 1000, "height": 1000}, "_wandb": {"runtime": 24}}