{"bce_loss": 7811.640881633962, "kl_loss": 202.17332059945633, "loss": 8013.814207422708, "_timestamp": 1725264029.2315314, "_runtime": 1510.3796784877777, "_step": 99, "_wandb": {"runtime": 1515}}