{"train_loss": 169.28489161783855, "valid_loss": 169.27506142578125, "_timestamp": 1697546201.9081767, "_runtime": 697.9058446884155, "_step": 30, "pred": {"_type": "image-file", "sha256": "c592f7bba610a9f22be40f93df758dead9d86c60dec5c0f0679c2ef137537907", "size": 218675, "path": "media/images/pred_30_c592f7bba610a9f22be4.png", "format": "png", "width": 1000, "height": 1000}, "_wandb": {"runtime": 695}}