{"bce_loss": 0.26479934726251975, "kl_loss": 2.691922471054327e-05, "loss": 0.26482626608312765, "_timestamp": 1725262063.8667634, "_runtime": 1509.0143523216248, "_step": 99, "_wandb": {"runtime": 1509}}