{"bce_loss": 31288.840300797907, "kl_loss": 148.86828638495666, "loss": 31437.708597081557, "_timestamp": 1725258402.2018838, "_runtime": 51.48558783531189, "_step": 2}