{"mse_loss": 0.06875168741829614, "kl_loss": 2.3182015866041183e-05, "loss": 0.06877486945898421, "_timestamp": 1725258240.650803, "_runtime": 1012.7691462039948, "_step": 54}