{"train_loss": 116.29543051757813, "valid_loss": 115.10051474609375, "_timestamp": 1697549955.60847, "_runtime": 808.2733039855957, "_step": 30, "pred": {"_type": "image-file", "sha256": "fd6df80ee4ee2fb0690d80f0a43c300689b23d15de58996e9291430fb007088d", "size": 225421, "path": "media/images/pred_30_fd6df80ee4ee2fb0690d.png", "format": "png", "width": 1000, "height": 1000}, "_wandb": {"runtime": 805}}