{"train_loss": 125.49038919270834, "valid_loss": 418.50585703125, "_timestamp": 1697522340.8730106, "_runtime": 475.7626357078552, "_step": 29, "_wandb": {"runtime": 482}}